target,feature_set,split,model,r2_mean,r2_std
Exchange Bias,baseline,shuffled_kfold (leaky),RandomForest,0.631,0.031
Exchange Bias,baseline,shuffled_kfold (leaky),HistGradientBoosting,0.661,0.036
Exchange Bias,baseline,groupkfold_by_formula (honest),RandomForest,0.386,0.059
Exchange Bias,baseline,groupkfold_by_formula (honest),HistGradientBoosting,0.39,0.09
Exchange Bias,enhanced,shuffled_kfold (leaky),RandomForest,0.629,0.031
Exchange Bias,enhanced,shuffled_kfold (leaky),HistGradientBoosting,0.67,0.019
Exchange Bias,enhanced,groupkfold_by_formula (honest),RandomForest,0.358,0.111
Exchange Bias,enhanced,groupkfold_by_formula (honest),HistGradientBoosting,0.366,0.116
Coercivity,baseline,shuffled_kfold (leaky),RandomForest,0.681,0.064
Coercivity,baseline,shuffled_kfold (leaky),HistGradientBoosting,0.72,0.05
Coercivity,baseline,groupkfold_by_formula (honest),RandomForest,0.444,0.071
Coercivity,baseline,groupkfold_by_formula (honest),HistGradientBoosting,0.468,0.03
Coercivity,enhanced,shuffled_kfold (leaky),RandomForest,0.685,0.062
Coercivity,enhanced,shuffled_kfold (leaky),HistGradientBoosting,0.726,0.05
Coercivity,enhanced,groupkfold_by_formula (honest),RandomForest,0.437,0.064
Coercivity,enhanced,groupkfold_by_formula (honest),HistGradientBoosting,0.465,0.025
Saturation Magnetization,baseline,shuffled_kfold (leaky),RandomForest,0.775,0.079
Saturation Magnetization,baseline,shuffled_kfold (leaky),HistGradientBoosting,0.773,0.066
Saturation Magnetization,baseline,groupkfold_by_formula (honest),RandomForest,0.461,0.26
Saturation Magnetization,baseline,groupkfold_by_formula (honest),HistGradientBoosting,0.524,0.167
Saturation Magnetization,enhanced,shuffled_kfold (leaky),RandomForest,0.778,0.077
Saturation Magnetization,enhanced,shuffled_kfold (leaky),HistGradientBoosting,0.783,0.073
Saturation Magnetization,enhanced,groupkfold_by_formula (honest),RandomForest,0.47,0.275
Saturation Magnetization,enhanced,groupkfold_by_formula (honest),HistGradientBoosting,0.506,0.206
Curie Temperature,baseline,shuffled_kfold (leaky),RandomForest,0.925,0.01
Curie Temperature,baseline,shuffled_kfold (leaky),HistGradientBoosting,0.934,0.02
Curie Temperature,baseline,groupkfold_by_formula (honest),RandomForest,0.573,0.059
Curie Temperature,baseline,groupkfold_by_formula (honest),HistGradientBoosting,0.67,0.056
Curie Temperature,enhanced,shuffled_kfold (leaky),RandomForest,0.931,0.02
Curie Temperature,enhanced,shuffled_kfold (leaky),HistGradientBoosting,0.938,0.02
Curie Temperature,enhanced,groupkfold_by_formula (honest),RandomForest,0.62,0.092
Curie Temperature,enhanced,groupkfold_by_formula (honest),HistGradientBoosting,0.648,0.082
Remanence,baseline,shuffled_kfold (leaky),RandomForest,0.845,0.032
Remanence,baseline,shuffled_kfold (leaky),HistGradientBoosting,0.862,0.019
Remanence,baseline,groupkfold_by_formula (honest),RandomForest,0.579,0.102
Remanence,baseline,groupkfold_by_formula (honest),HistGradientBoosting,0.63,0.089
Remanence,enhanced,shuffled_kfold (leaky),RandomForest,0.845,0.026
Remanence,enhanced,shuffled_kfold (leaky),HistGradientBoosting,0.862,0.023
Remanence,enhanced,groupkfold_by_formula (honest),RandomForest,0.563,0.071
Remanence,enhanced,groupkfold_by_formula (honest),HistGradientBoosting,0.578,0.118
