formula,training,validation,test,training_rows,validation_rows,test_rows
Ag-Fe3O4,True,True,False,1,1,0
AgCrO2,True,False,False,1,0,0
Al-ZnO,True,False,True,9,0,1
Au-Fe3O4,True,False,True,3,0,2
BaFe12O19-Fe3O4,True,False,False,2,0,0
Bi0.9Gd0.1Fe0.9Ti0.1O3,True,False,False,1,0,0
Bi0.9La0.1FeO3,True,False,False,2,0,0
Bi2Fe4O9-BiFeO3,True,False,False,1,0,0
BiFe0.5Sc0.5O3,True,True,True,4,1,1
BiFeO3,True,True,True,12,1,3
BiFeO3-Bi2Fe4O9,True,False,False,2,0,0
BiFeO3-CoFe2O4,True,False,True,1,0,3
BiFeO3-SG,True,False,False,2,0,0
Ca-La2CoMnO6,True,False,False,1,0,0
CaMnO3,True,False,True,4,0,4
Ce-Fe0.5Cr0.5O3,False,False,True,0,0,1
Co,True,False,False,2,0,0
Co-Co3O4,True,True,True,13,2,4
Co-CoO,True,True,True,50,3,8
Co-Cr,True,False,True,1,0,1
Co-Cr2O3,True,False,True,8,0,3
Co-Fe2O3,True,False,False,3,0,0
Co-MnF2,True,False,False,2,0,0
Co-Ni,True,True,True,1,1,1
Co0.14Fe0.86O-Co0.4Fe2.4O4,True,False,False,1,0,0
Co0.4Fe2.6O4,True,False,False,1,0,0
Co0.76Fe0.24-Co1.3Fe0.7O4,True,False,False,1,0,0
Co0.77Fe0.23-Co1.3Fe0.7O4,True,False,False,1,0,0
Co0.7Fe2.3O4,True,False,False,1,0,0
Co0.96Fe0.04-Co0.99Fe1.01O4,True,True,True,5,1,1
Co0.96Fe0.04-Co1.59Fe0.41O4,True,False,False,4,0,0
Co2.25Fe0.75O-Fe2O3,True,False,False,1,0,0
Co2.45Fe0.55O4-Co1.52Fe1.48O4,True,False,False,1,0,0
Co3O4,True,False,True,2,0,1
Co80Ni20,True,False,False,1,0,0
CoCr2O4,True,True,True,7,2,3
CoFe2O4,True,False,False,4,0,0
CoFe2O4-Ag,True,False,True,2,0,1
CoFe2O4-BiFeO3,True,True,True,5,1,2
CoFe2O4-CoFe2,True,False,True,4,0,1
CoFe2O4-CoO,True,False,True,3,0,1
CoFe2O4-Fe3O4,True,True,False,12,1,0
CoFe2O4-NiFe2O4,True,False,False,2,0,0
CoFe2O4-NiO,True,True,True,11,1,2
CoFeO-Fe3O4,True,False,False,1,0,0
CoO,True,False,False,1,0,0
CoO-Au,True,True,False,1,1,0
CoO-Co,True,False,False,3,0,0
CoO-Co2.25Fe0.75O4,False,False,True,0,0,1
CoO-CoFe,True,True,True,1,1,1
CoO-CoFe2O4,True,False,True,1,0,1
CoO-Fe3O4,True,True,True,15,1,4
CoO-MnFe2O4,True,False,False,3,0,0
CoO-Ni0.5Co0.5Fe2O4,True,False,False,1,0,0
CoO-NiFe2O4,True,False,False,3,0,0
CoO-Zn0.25Fe2O4,True,False,False,1,0,0
CoO-Zn0.5Fe2O4,True,False,False,1,0,0
CoO-Zn0.75Fe2O4,True,False,False,1,0,0
CoO-ZnFe2O4,True,False,False,1,0,0
CoP,True,False,True,3,0,1
Cr2O3-Co,True,False,False,9,0,0
Cr2O3-CoFe2O4,True,True,True,5,1,2
Cr2O3-Fe2O3,True,False,True,3,0,2
Cr2O3-Mn0.30Cr1.7O3,False,False,True,0,0,1
Cr2Te3-FeTe,True,False,False,1,0,0
Cr2Te3-FeTe0.252,True,False,False,1,0,0
Cr2Te3-FeTe0.395,False,False,True,0,0,1
Cr2Te3-FeTe1.125,True,False,False,1,0,0
Cr2Te3-FeTe2,True,False,False,1,0,0
CrN-Co,True,False,False,1,0,0
CrO2-Cr2O3,True,False,False,2,0,0
Cu0.96-Fe0.04O,True,False,True,2,0,1
Cu0.98-Fe0.02O,False,False,True,0,0,3
CuCr2O4-Cr2O3,True,True,False,1,1,0
CuO,False,False,True,0,0,1
DyCrTiO5,True,False,False,2,0,0
Fe-Cr2O3,True,False,False,1,0,0
Fe-Fe2O3,True,False,True,6,0,2
Fe-Fe3O4,True,True,True,18,2,2
Fe-FeO,True,False,False,12,0,0
Fe-MnO2,True,True,False,2,1,0
Fe0.3Co0.7,True,False,True,2,0,1
Fe0.5Co0.5,True,False,False,1,0,0
Fe0.75O3-Mn0.25,True,False,True,3,0,2
Fe0.7Co0.3,True,False,True,1,0,2
Fe0.7O3-Mn0.3,True,False,True,4,0,2
"Fe0.85O3-Mn0.15
",True,False,True,1,0,1
Fe0.95O3-Mn0.05,True,False,False,1,0,0
Fe2.2C,True,False,True,1,0,1
Fe2.2C-Mo,True,False,True,1,0,1
Fe2O3,True,True,True,16,1,3
Fe2O3-Fe2O3,True,False,True,7,0,3
Fe2O3-Fe3O4,True,False,True,12,0,9
Fe2O3-NiO,True,False,True,2,0,2
Fe3O4,True,False,True,10,0,1
Fe3O4-Ag,True,False,False,1,0,0
Fe3O4-CoFe2O4,True,True,True,7,1,2
Fe3O4-CoO,True,False,True,7,0,2
Fe3O4-Fe2O3,True,False,True,13,0,2
Fe3O4-MgO,True,False,True,5,0,5
Fe3O4-MnO,True,False,False,2,0,0
Fe3O4-NiO,True,False,True,13,0,2
Fe3O4-Zn0.4Co0.6Fe2O4,True,False,False,1,0,0
Fe3O4-Zn0.5Co0.5Fe2O4,True,False,False,1,0,0
Fe3O4-Zn0.68Co0.32Fe2O4,True,False,False,1,0,0
Fe3O4-Zn0.6Co0.4Fe2O4,False,False,True,0,0,1
Fe3O4-Zn0.75Co0.25Fe2O4,True,False,False,1,0,0
Fe3O4-Zn0.82Co0.18Fe2O4,True,False,False,1,0,0
Fe3O4вЂ“Fe2O3,True,True,True,2,1,1
Fe5C2,True,False,False,1,0,0
Fe5C2-Fe3O4,True,False,False,1,0,0
FeCo-Fe2O3,True,False,True,5,0,2
FeCo-MgO,True,False,True,2,0,1
FeF2-Fe,True,False,False,2,0,0
FeNi,True,False,False,1,0,0
FeNi3,True,False,False,1,0,0
FeNi3-Mo,True,False,False,1,0,0
FeO-Fe-ZnO,False,True,True,0,1,3
FeO-Fe3O4,True,False,True,15,0,5
FeRh,True,True,True,4,2,2
FeVO4-Fe3O4,True,False,True,1,0,1
Ga-Fe2O3,True,True,True,3,2,3
Gd-NiO,True,False,False,1,0,0
GdCrTiO5,True,False,False,3,0,0
GeMnTe-MnO,True,False,True,2,0,1
La0.67Sr0.33MnO3,True,True,False,6,1,0
La0.85Sr0.15FeO3,True,False,False,1,0,0
La2FeMnO6,True,False,True,3,0,1
La2NiMnO6,True,False,False,3,0,0
LaFeO3,True,False,True,26,0,3
LaFeO3-NiO,True,False,True,5,0,2
Li1.5Fe3O4-Fe3O4,True,False,False,1,0,0
LiFe3O4-Fe3O4,True,False,False,1,0,0
MgO-MgCo,True,False,False,1,0,0
Mn-Mn3O4,True,False,False,1,0,0
Mn0.5Zn0.5Fe2O4,True,False,True,3,0,2
Mn2O3,True,True,True,4,1,2
Mn2O3-Mn3O4,True,False,False,2,0,0
Mn3O4,True,True,False,2,1,0
Mn3O4-MnO,True,False,False,2,0,0
MnFe2O4,True,False,False,1,0,0
MnFe2O4-Fe2O3,True,True,True,6,1,1
MnFe2O4-Fe3O4,True,True,False,1,1,0
MnO-Mn3O4,True,False,True,5,0,1
MnO2,True,False,True,6,0,3
MnO2-NiCo2O4,True,False,True,2,0,2
Nd-FeCr0.5O3,True,False,False,1,0,0
Nd0.5Ca0.5MnO3,True,False,False,1,0,0
Nd0.78Sr0.22CoO3,True,False,True,2,0,1
NdFeO3,True,False,False,2,0,0
Ni-BaTiO3,True,False,True,1,0,1
Ni-LaFeO3,True,False,False,2,0,0
Ni-Ni(OH)2,True,False,False,2,0,0
Ni-NiO,True,False,True,28,0,3
Ni-SiO2,True,False,True,2,0,2
Ni0.95Zn0.05O,False,False,True,0,0,2
Ni0.97Zn0.03O,True,False,False,2,0,0
Ni0.98Fe0.02O,False,False,True,0,0,1
Ni0.99Fe0.01O,False,False,True,0,0,1
Ni0.99Zn0.01O,True,False,True,1,0,1
Ni3Al-NiO,True,True,False,1,1,0
NiCo2O4-(CoNi)O,True,False,True,7,0,2
NiCo2O4-NiO,True,False,False,3,0,0
NiCoFeO-Fe3O4,True,False,False,1,0,0
NiCoO-NiCo,True,True,True,4,2,3
NiEr0.06Fe0.14O4,True,False,False,1,0,0
NiEr0.12Fe0.08O4,True,False,False,1,0,0
NiEr0.18Fe0.02O4,False,False,True,0,0,1
NiFe2O4,True,False,False,1,0,0
NiFe2O4-BiFeO3,False,False,True,0,0,1
NiFe2O4-CoFe2O4,False,False,True,0,0,1
NiFe2O4-CoO,True,False,True,1,0,2
NiO,True,False,True,8,0,3
NiO-CoFe2O4,True,False,True,5,0,1
NiO-CoMn2O4,True,False,False,4,0,0
NiO-CuFe2O4,False,False,True,0,0,1
NiO-Fe3O4,True,False,False,2,0,0
NiO-Mn3O4,True,True,True,3,1,2
NiO-Ni,True,False,False,2,0,0
NiO-Ni0.05Mn0.95O,False,True,False,0,1,0
NiO-Ni0.065Mn0.935O,True,False,False,1,0,0
NiO-Ni0.09Mn0.91O,True,False,False,1,0,0
NiO-Ni0.1Mn0.9O,True,False,False,1,0,0
NiO-NiFe2O4,True,False,False,7,0,0
NiO-NiFe2O4-Fe2O3,True,True,True,2,1,1
NiO-NiO,True,True,True,35,3,9
NiO-SiO2,True,False,False,1,0,0
NiвЂ“NiO,True,False,True,5,0,1
Pr-FeCr0.5O3,True,False,False,1,0,0
PrFeO3,True,False,False,1,0,0
PtMn,True,False,False,2,0,0
Sm0.5Ca0.5MnO3,True,False,False,4,0,0
Sm0.5Ca0.5MnO3-CO,True,True,True,11,1,2
SmFeO3,True,False,False,1,0,0
SmMnO3-Mn2O3,True,True,True,11,3,6
Ti-Fe2O3,True,False,False,4,0,0
TiO2-Fe2O3,True,True,True,9,1,3
Zn0.2Ni0.8Gd0.05Fe1.95O4,True,False,False,4,0,0
ZnO,False,True,False,0,1,0
ZnO-CoFe2O4,True,False,False,1,0,0
