n_train_materials,mean_r2,std_r2,mean_rows,target
20,-0.10778722785645721,0.27802694111512855,86.0,Exchange Bias
40,0.056449805266425936,0.21786860585354886,161.5,Exchange Bias
60,0.17837473998085987,0.20176868221239036,265.6666666666667,Exchange Bias
80,0.25167442071904306,0.13157667702574116,363.8333333333333,Exchange Bias
100,0.22440450907171985,0.09607279065429726,456.5,Exchange Bias
120,0.3420253695344078,0.1245662568967095,535.5,Exchange Bias
140,0.29972521046842243,0.11964036500382919,639.6666666666666,Exchange Bias
20,0.14370616378283793,0.14815357604870186,86.0,Coercivity
40,0.19527103147430283,0.16452779622175975,161.5,Coercivity
60,0.27097433995195175,0.15952337884135942,265.6666666666667,Coercivity
80,0.27140694647754154,0.1057255748361419,363.8333333333333,Coercivity
100,0.3280708945274837,0.12403916653716317,456.5,Coercivity
120,0.3915751129556126,0.0942134242129166,535.5,Coercivity
140,0.41675181356964996,0.11296300250949455,639.6666666666666,Coercivity
20,0.1140804827999561,0.3850598987343983,95.5,Saturation Magnetization
40,0.2577001230744724,0.29636961669911305,169.33333333333334,Saturation Magnetization
60,0.2723450093495193,0.3150156759329596,273.5,Saturation Magnetization
80,0.3699702416903907,0.2658348919858659,372.3333333333333,Saturation Magnetization
100,0.40885886481475414,0.19946288014803373,467.5,Saturation Magnetization
120,0.46390059413504664,0.1649030738845845,556.3333333333334,Saturation Magnetization
140,0.4327022194076802,0.16999063881692106,656.1666666666666,Saturation Magnetization
20,0.11036092274210126,0.14118368968991837,86.0,Curie Temperature
40,0.22045257596962445,0.1484262261230054,161.5,Curie Temperature
60,0.481651157195185,0.09183375246017099,265.6666666666667,Curie Temperature
80,0.4774849947236471,0.14624294951311334,363.8333333333333,Curie Temperature
100,0.5906538783294584,0.07026991300537802,456.5,Curie Temperature
120,0.6590770217277321,0.08961371300249282,535.5,Curie Temperature
140,0.6944809933488355,0.03488417351651904,639.6666666666666,Curie Temperature
20,0.42550289131738456,0.10668425344381392,86.0,Remanence
40,0.46816466131413764,0.1114537349406719,161.5,Remanence
60,0.5628104466300706,0.10856867155185257,265.6666666666667,Remanence
80,0.5826562095192364,0.0855747126236438,363.8333333333333,Remanence
100,0.5867453312031569,0.08543245873805969,456.5,Remanence
120,0.5888137982061862,0.11534048576067536,535.5,Remanence
140,0.5945486376178499,0.11763396540761564,639.6666666666666,Remanence
